ID,IC,FII,body_part,dry_weight
1,0,24,NA,5.21
1,0,24,dryrest,6.8
1,0,24,drytotal,12.01
2,0,53,drythor,4.31
2,0,53,dryrest,5.95
2,0,53,drytotal,10.26
3,0,64,drythor,5.08
3,0,64,dryrest,5.74
3,0,64,drytotal,10.82
4,0,25,drythor,4.92
4,0,25,dryrest,6.98
NA,0,25,drytotal,NA
5,0,42,drythor,5.08
5,0,42,dryrest,6.75
5,0,42,drytotal,11.83
6,0,43,drythor,5.16
6,0,43,dryrest,6.86
6,0,43,drytotal,12.02
8,NA,50,drythor,5.48
NA,0,50,dryrest,7.7
8,0,50,drytotal,13.18
10,0,63,drythor,5.8
10,0,63,dryrest,6.16
10,NA,63,drytotal,11.96
11,0,24,drythor,5.39
11,0,24,dryrest,NA
11,0,24,drytotal,12.28
12,0,19,drythor,4.74
12,0,19,dryrest,5.47
12,0,19,NA,10.21
13,0,31,drythor,4.54
13,0,31,dryrest,5.38
13,0,31,drytotal,9.92
14,0,43,DRYTHOR,5.79
14,0,43,DRYREST,5.89
14,0,43,drytotal,11.68
15,0,38,drythor,4.73
15,0,38,DRYREST,5.32
15,0,38,drytotal,10.05
16,0,22,drythor,5.25
16,0,22,dryrest,NA
16,0,NA,drytotal,11.86
17,0,27,drythor,3.95
17,0,27,dryrest,3.81
17,0,27,drytotal,7.76
18,0,35,drythor,5.86
NA,0,35,dryrest,7.6
18,0,35,drytotal,13.46
19,0,34,NA,4.76
19,0,34,dryrest,5.76
19,0,34,drytotal,10.52
20,0,50,drythor,5.49
20,0,50,dryrest,6.95
20,0,50,drytotal,12.44
21,NA,50,drythor,4.74
21,0,50,dryrest,4.89
21,0,50,drytotal,9.63
22,0.25,39,drythor,5.27
22,0.25,39,dryrest,5.77
22,0.25,39,drytotal,11.04
23,0.25,56,drythor,6.32
23,0.25,56,dryrest,6.71
23,0.25,56,drytotal,13.03
24,0.25,56,drythor,6.21
24,0.25,56,dryrest,9.02
24,NA,56,drytotal,15.23
27,NA,53,drythor,5.77
27,0.375,53,dryrest,6.85
27,0.375,53,drytotal,12.62
28,0.375,18,drythor,5.72
28,0.375,18,dryrest,6.79
28,0.375,18,NA,12.51
30,0.375,35,NA,5.39
30,0.375,35,dryrest,5.59
30,0.375,35,drytotal,10.98
31,0,42,drythor,5.24
31,0,42,NA,6.58
31,0,42,drytotal,11.82
NA,0,40,NA,4.14
32,0,40,dryrest,6.53
32,0,40,drytotal,10.67
33,0,62,drythor,3.89
33,0,62,dryrest,4.58
33,0,62,drytotal,8.47
35,0,31,drythor,5.99
35,0,31,dryrest,10.22
35,0,31,NA,16.21
39,0,41,drythor,5.25
39,0,41,dryrest,8.39
39,0,41,drytotal,13.64
40,0,48,drythor,4.97
40,0,48,dryrest,NA
40,0,48,drytotal,10.16
41,0,42,drythor,4.68
41,0,42,dryrest,8.69
41,0,42,drytotal,13.37
42,0,48,drythor,5.57
42,NA,48,dryrest,7.35
42,0,48,drytotal,12.92
43,0,35,drythor,4.43
43,0,35,dryrest,5.46
43,0,35,drytotal,9.89
44,0,44,drythor,4.47
44,0,44,dryrest,5.32
44,0,44,drytotal,9.79
45,NA,35,NA,5.85
45,0,35,dryrest,7.46
45,0,35,drytotal,13.31
46,0,40,drythor,5.13
46,0,40,dryrest,7.15
46,0,40,drytotal,12.28
47,0,NA,drythor,4.57
47,0,27,dryrest,8.33
47,0,27,drytotal,12.9
48,0,35,drythor,5.73
48,0,NA,dryrest,7.21
48,0,35,drytotal,NA
49,0,27,drythor,NA
49,0,27,dryrest,7.84
49,0,27,drytotal,13.62
50,0.25,35,drythor,5.4
NA,0.25,35,dryrest,8.97
50,0.25,35,drytotal,14.37
51,0.25,41,drythor,4.92
51,0.25,41,dryrest,5.98
51,0.25,NA,drytotal,10.9
52,0.25,57,drythor,6.09
52,0.25,57,dryrest,9.58
52,NA,57,DRYTOTAL,15.67
NA,0.25,67,drythor,5.6
53,0.25,67,dryrest,7.68
53,0.25,67,drytotal,13.28
55,0.25,35,drythor,4.74
55,0.25,35,dryrest,6.71
55,0.25,35,drytotal,11.45
56,0.25,55,drythor,NA
56,0.25,55,dryrest,5.27
56,NA,55,drytotal,10.829999999999998
57,0.25,37,drythor,5.47
57,0.25,37,DRYREST,NA
57,0.25,37,drytotal,13.489999999999998
58,0.25,37,drythor,5.26
58,0.25,37,dryrest,7.17
58,0.25,37,drytotal,12.43
59,0,69,drythor,5.09
59,0,69,dryrest,6.2
59,0,69,drytotal,11.29
60,0.375,66,drythor,5.35
60,0.375,66,dryrest,7.81
60,0.375,66,drytotal,13.16
NA,0.375,52,drythor,6.52
61,0.375,52,dryrest,8.47
61,0.375,52,drytotal,14.99
62,0.375,68,drythor,3.64
62,0.375,68,dryrest,3.35
NA,0.375,68,drytotal,6.99
63,0.375,52,drythor,3.95
63,0.375,52,dryrest,5.97
63,NA,52,drytotal,9.92
NA,0.375,41,drythor,5.79
65,0.375,41,dryrest,9.49
65,0.375,41,drytotal,15.28
66,0.375,57,drythor,5.24
66,0.375,57,DRYREST,7.79
66,0.375,NA,drytotal,13.03
67,0.25,62,drythor,5.04
67,0.25,62,dryrest,6.72
67,0.25,62,drytotal,11.76
68,0.25,54,drythor,4.94
68,0.25,54,dryrest,NA
68,0.25,54,drytotal,11.16
69,0.25,83,drythor,4.44
NA,0.25,83,dryrest,4.71
69,0.25,83,drytotal,9.15
70,0.25,29,drythor,5.03
70,0.25,29,dryrest,8.51
70,0.25,29,drytotal,13.54
71,0.25,23,drythor,5.26
71,0.25,23,NA,8.98
71,0.25,23,drytotal,14.24
72,0.25,84,drythor,5.29
72,0.25,84,dryrest,8.6
72,0.25,84,drytotal,NA
73,0.25,20,drythor,5.27
73,0.25,20,dryrest,6.2
73,0.25,20,drytotal,11.47
75,0.25,NA,drythor,5.27
75,0.25,43,dryrest,NA
75,0.25,43,drytotal,12.95
76,0.25,98,DRYTHOR,4.63
76,0.25,98,dryrest,5.72
76,0.25,98,drytotal,10.35
77,0.25,23,drythor,5.74
77,0.25,23,dryrest,6.68
77,0.25,23,drytotal,12.42
NA,0.25,28,drythor,6.3
78,0.25,28,dryrest,10.24
78,0.25,28,drytotal,16.54
79,0.25,24,drythor,5.37
79,0.25,24,dryrest,9.34
79,NA,24,drytotal,14.71
80,0,60,drythor,5.79
80,NA,60,dryrest,10.03
80,0,60,drytotal,15.82
81,0,72,drythor,4.85
81,0,72,dryrest,6.03
81,0,72,drytotal,10.88
82,0,55,drythor,3.93
82,0,55,dryrest,5.92
82,0,55,drytotal,9.85
83,0,46,NA,5.69
83,0,46,dryrest,12.02
83,0,46,drytotal,17.71
84,0,70,drythor,5.78
84,0,70,dryrest,12.06
84,0,NA,NA,17.84
85,0,43,drythor,5.56
85,0,43,dryrest,11.41
85,0,43,drytotal,NA
86,NA,22,drythor,5.61
86,0,22,dryrest,10.78
86,0,22,drytotal,16.39
87,0,68,drythor,5.83
87,0,NA,dryrest,5.74
87,0,68,drytotal,11.57
88,0,21,drythor,5.68
88,0,21,dryrest,6.22
88,0,21,drytotal,11.9
90,0,28,drythor,5.21
90,0,28,dryrest,6.32
90,0,28,drytotal,11.53
91,NA,42,NA,5.62
91,0,42,dryrest,7.89
91,0,42,drytotal,13.51
92,0,54,drythor,4.75
92,0,54,dryrest,8.73
92,0,54,drytotal,13.48
93,0,46,drythor,5.47
93,0,46,dryrest,9.42
93,0,46,drytotal,14.89
94,0.375,59,drythor,6.01
94,0.375,59,dryrest,9.28
94,0.375,59,drytotal,NA
95,0,28,drythor,3.8
95,0,28,dryrest,4.76
95,0,28,drytotal,8.559999999999999
96,0,40,drythor,3.92
96,0,40,dryrest,5.03
96,0,40,drytotal,8.95
97,0.25,62,drythor,4.36
97,0.25,62,dryrest,4.82
97,0.25,62,drytotal,9.18
98,NA,43,drythor,5.69
98,0.25,43,dryrest,8.48
NA,0.25,43,drytotal,14.170000000000002
99,NA,57,drythor,5.13
99,0,57,dryrest,4.96
99,0,57,drytotal,10.09
102,0.25,59,drythor,5.4
102,0.25,59,dryrest,6.1
102,0.25,59,NA,11.5
103,0.25,60,drythor,5.59
NA,0.25,60,dryrest,6.53
103,0.25,60,drytotal,12.12
104,0.25,37,drythor,4.22
104,NA,37,dryrest,4.54
NA,0.25,NA,drytotal,NA
105,0.25,51,drythor,6.61
105,0.25,51,dryrest,7.75
105,0.25,51,drytotal,14.36
106,0.25,77,drythor,4.95
106,0.25,77,dryrest,5.34
106,0.25,77,drytotal,10.29
107,0.25,54,drythor,5.38
107,NA,54,dryrest,6.39
107,NA,54,drytotal,11.77
108,0.25,53,drythor,4.04
108,0.25,53,dryrest,3.85
108,0.25,53,drytotal,7.890000000000001
109,NA,45,drythor,NA
109,0.25,45,dryrest,6.68
109,0.25,45,drytotal,11.3
110,0.25,42,drythor,5.42
110,0.25,42,dryrest,6.88
110,0.25,42,drytotal,12.3
111,0,28,NA,NA
111,0,28,dryrest,8.01
111,0,28,drytotal,13.34
112,0,30,drythor,5.89
NA,0,30,dryrest,7.32
112,0,30,drytotal,13.21
113,0,37,drythor,5.3
113,0,NA,dryrest,11.99
113,0,37,drytotal,17.29
114,0,44,drythor,4.16
114,0,44,dryrest,6.81
114,0,44,drytotal,10.97
115,0,45,NA,5.38
115,0,45,dryrest,11.45
NA,0,45,drytotal,16.83
116,0,53,drythor,5.97
116,0,53,dryrest,8.67
116,0,53,drytotal,14.64
117,0,48,drythor,3.98
117,0,48,dryrest,5.12
117,0,48,drytotal,NA
118,0.25,32,drythor,5.07
118,0.25,32,dryrest,5.89
118,0.25,32,drytotal,10.96
119,0.25,27,drythor,4.28
119,0.25,27,NA,5.69
119,0.25,27,drytotal,9.97
121,0.25,84,drythor,4.76
121,NA,84,dryrest,6.85
121,0.25,84,drytotal,NA
122,0.25,80,drythor,4.97
122,0.25,80,dryrest,5.59
122,0.25,80,drytotal,10.56
123,0.25,34,drythor,4.81
123,0.25,34,dryrest,5.89
123,0.25,34,drytotal,10.7
124,0.25,27,drythor,4.7
124,NA,27,dryrest,7.18
124,0.25,27,drytotal,11.88
125,0.25,53,drythor,5.61
125,NA,53,dryrest,6.98
125,0.25,53,drytotal,12.59
126,0.25,68,drythor,4.89
126,0.25,NA,dryrest,6.86
126,NA,68,drytotal,11.75
127,0.25,67,drythor,4.21
127,0.25,67,dryrest,7.2
127,0.25,67,drytotal,11.41
128,NA,46,drythor,5.53
128,0.25,46,dryrest,10.85
NA,0.25,46,drytotal,16.38
129,0.375,53,drythor,5.34
129,0.375,53,NA,9.45
129,0.375,53,drytotal,14.79
130,0.375,52,drythor,5.82
130,0.375,52,dryrest,12.77
130,0.375,52,NA,18.59
131,0.375,73,drythor,4.82
131,0.375,73,dryrest,5.31
131,0.375,NA,drytotal,10.13
132,0.375,81,DRYTHOR,4.52
132,0.375,81,dryrest,NA
132,0.375,81,drytotal,10.41
134,0.375,47,drythor,4.56
134,0.375,47,dryrest,6.76
134,0.375,47,drytotal,11.32
135,0.375,53,drythor,5.39
135,0.375,53,dryrest,7.98
135,0.375,53,drytotal,13.37
136,0.375,55,drythor,4.36
136,0.375,55,dryrest,7.5
136,0.375,55,DRYTOTAL,11.86
137,0,61,drythor,4.93
137,0,61,dryrest,5.24
137,0,61,drytotal,10.17
139,0,37,drythor,4.95
NA,0,37,dryrest,NA
139,0,37,drytotal,NA
141,0,28,drythor,4.9
141,0,28,dryrest,6.55
141,0,28,NA,11.45
142,0,17,NA,4.89
142,0,17,dryrest,6.24
142,0,17,NA,11.13
143,0,79,DRYTHOR,4.85
143,0,NA,dryrest,4.3
143,0,79,drytotal,9.15
145,0,44,drythor,4.86
145,0,44,dryrest,5.54
145,0,44,drytotal,10.4
146,0,48,drythor,6.11
NA,0,48,dryrest,NA
146,0,48,drytotal,14.69
147,0,38,drythor,5.22
147,0,38,dryrest,4.43
NA,0,38,drytotal,9.65
148,0,26,drythor,5.65
148,0,26,dryrest,8.27
148,0,26,drytotal,13.92
NA,0,58,drythor,5.29
149,0,58,dryrest,6.8
149,0,58,NA,12.09
150,0,35,drythor,6.13
150,0,35,dryrest,8.89
150,0,35,drytotal,15.02
NA,0,46,drythor,4.95
151,0,46,dryrest,6.43
151,0,46,drytotal,11.38
154,0.25,73,drythor,5.63
154,0.25,73,NA,8.42
154,0.25,73,drytotal,14.05
155,0.25,56,drythor,4.8
155,0.25,56,DRYREST,5.22
155,0.25,56,drytotal,10.02
156,0.25,91,drythor,NA
156,0.25,91,dryrest,4.75
156,0.25,91,drytotal,9.05
157,0.25,41,drythor,4.9
157,0.25,41,dryrest,4.7
157,0.25,41,drytotal,9.6
158,0.25,NA,drythor,5.44
158,0.25,69,DRYREST,4.68
158,0.25,69,drytotal,10.12
159,NA,67,drythor,4.76
159,0.25,67,dryrest,5.15
159,0.25,67,drytotal,9.91
161,0.25,48,drythor,6.06
161,0.25,48,dryrest,9.05
161,0.25,48,drytotal,15.11
162,0.25,NA,DRYTHOR,5
162,0.25,39,dryrest,NA
162,0.25,39,drytotal,12.62
163,0.25,22,drythor,6.39
163,0.25,22,dryrest,8.42
163,0.25,22,drytotal,14.81
164,0.25,23,drythor,6.11
164,0.25,23,dryrest,7.4
164,0.25,23,drytotal,13.510000000000002
166,0.25,NA,drythor,5.83
166,0.25,38,dryrest,11.36
166,0.25,38,drytotal,17.189999999999998
167,0.25,35,drythor,4.94
167,0.25,35,dryrest,9.3
167,0.25,35,drytotal,14.240000000000002
168,0.25,76,drythor,5.03
168,0.25,76,NA,6.49
168,0.25,76,drytotal,11.52
169,NA,47,drythor,5.6
169,0.25,47,dryrest,NA
169,0.25,47,drytotal,15.05
170,0.25,58,drythor,5.23
170,0.25,58,dryrest,6.73
170,0.25,58,drytotal,11.96
171,NA,84,drythor,5.83
171,0.25,84,DRYREST,6.11
171,0.25,84,drytotal,11.94
172,0.25,31,drythor,5.97
172,0.25,31,dryrest,9.16
172,0.25,31,NA,15.13
173,0.25,72,drythor,4.87
173,0.25,72,dryrest,5.09
173,NA,72,drytotal,9.96
174,0.25,77,drythor,5.13
174,0.25,77,dryrest,6.2
174,0.25,77,drytotal,11.33
175,0.375,56,drythor,5.36
175,0.375,56,dryrest,8.35
175,0.375,56,DRYTOTAL,13.71
176,0.375,37,drythor,5.07
176,0.375,37,dryrest,7.13
176,0.375,37,drytotal,12.2
177,0.375,43,drythor,5.87
177,0.375,43,dryrest,9.55
177,NA,43,drytotal,15.420000000000002
178,0.375,90,drythor,4.75
NA,0.375,90,dryrest,7.18
178,0.375,90,drytotal,11.93
179,0.375,52,drythor,NA
179,0.375,52,dryrest,9.21
179,0.375,52,drytotal,14.03
180,0.375,73,drythor,5.22
180,0.375,73,dryrest,6.36
180,0.375,73,NA,11.58
181,0.375,75,drythor,4.94
181,0.375,75,dryrest,7.14
181,0.375,75,drytotal,12.08
182,0.375,55,drythor,4.66
182,0.375,55,dryrest,6.71
NA,0.375,55,drytotal,11.37
183,0.375,47,drythor,5.05
183,0.375,47,dryrest,6
183,0.375,47,drytotal,11.05
184,0.375,32,drythor,5.11
184,0.375,32,dryrest,8.83
184,0.375,32,drytotal,13.94
185,NA,64,drythor,4.61
185,NA,64,dryrest,5.67
185,0.375,64,drytotal,10.28
186,0.375,83,drythor,3.64
186,0.375,83,dryrest,4.33
186,0.375,83,NA,7.970000000000001
187,0.25,28,drythor,5.52
187,0.25,28,dryrest,6.6
187,0.25,28,drytotal,12.12
188,0.25,25,drythor,4.43
188,0.25,25,dryrest,5.4
188,0.25,25,drytotal,9.83
189,0.25,23,drythor,5.24
189,0.25,NA,dryrest,5.57
189,0.25,23,drytotal,10.81
190,0.25,22,drythor,5.19
190,0.25,22,dryrest,5.29
190,0.25,22,drytotal,10.48
191,0.25,27,drythor,5.93
191,0.25,27,dryrest,5.82
191,0.25,27,drytotal,11.75
192,0.25,44,drythor,NA
192,0.25,44,dryrest,5.59
192,NA,44,drytotal,10.69
NA,0.25,46,drythor,6.54
194,0.25,46,dryrest,6.85
194,0.25,46,drytotal,13.39
195,0.25,27,drythor,5.05
195,0.25,27,dryrest,4.8
195,0.25,27,drytotal,9.85
196,0.25,23,drythor,5.82
196,0.25,23,DRYREST,5.71
196,0.25,23,drytotal,11.53
197,0.25,64,drythor,5.36
197,0.25,64,dryrest,4.68
197,0.25,64,drytotal,10.04
198,0.25,73,drythor,5.67
198,0.25,NA,dryrest,4.32
198,0.25,73,drytotal,9.99
199,0.25,26,drythor,5.15
199,0.25,26,dryrest,4.78
199,0.25,26,drytotal,9.93
200,0.25,37,drythor,4.89
200,0.25,37,dryrest,4.54
200,0.25,37,drytotal,9.43
201,0.25,35,drythor,5.73
201,0.25,35,dryrest,5.36
NA,0.25,35,drytotal,11.09
202,0.25,25,drythor,5.84
202,0.25,25,dryrest,4.85
202,0.25,25,drytotal,10.69
203,0,45,drythor,6.25
203,NA,45,dryrest,6.71
203,0,45,drytotal,12.96
204,0,61,drythor,5.86
204,0,61,dryrest,7.81
204,0,61,drytotal,13.67
205,0,50,drythor,5.83
205,0,50,dryrest,5.98
205,0,50,drytotal,11.81
NA,0,31,drythor,4.31
206,0,31,dryrest,4.95
206,0,31,drytotal,9.26
207,0,24,drythor,6.03
207,0,24,dryrest,5.6
207,0,24,drytotal,11.63
208,0,45,drythor,5.43
208,0,45,dryrest,5.95
208,0,45,drytotal,11.38
209,0,46,drythor,5.56
209,0,46,dryrest,5.97
209,0,46,drytotal,11.53
210,0,41,drythor,5.95
210,0,41,dryrest,6.63
210,NA,41,drytotal,12.58
211,0,NA,drythor,NA
211,0,64,dryrest,4.79
211,0,64,drytotal,10.02
212,0,30,NA,5.6
212,0,30,dryrest,5.5
212,0,30,drytotal,11.1
213,NA,62,drythor,5.31
213,0,62,dryrest,4.86
213,NA,62,drytotal,10.17
214,0,54,drythor,5.02
214,0,54,dryrest,4.38
214,0,54,drytotal,9.4
215,0,50,drythor,4.91
215,0,NA,dryrest,6.11
215,0,50,drytotal,11.02
216,0,34,drythor,5.71
216,0,34,dryrest,5.99
NA,0,34,drytotal,11.7
217,0,50,drythor,5.64
217,0,50,dryrest,7.66
217,0,50,drytotal,13.3
218,0,29,drythor,5.43
218,NA,29,dryrest,5.89
NA,0,29,drytotal,11.32
219,0,49,drythor,5.71
219,0,49,dryrest,4.72
219,0,49,drytotal,10.43
220,0,52,drythor,4.71
220,0,52,dryrest,5.02
220,0,52,drytotal,9.73
221,0.375,33,drythor,4.86
221,0.375,33,dryrest,4.5
221,0.375,33,drytotal,9.36
222,0.375,46,drythor,4.19
222,0.375,46,dryrest,3.97
222,0.375,46,drytotal,8.16
223,0.375,34,drythor,4.24
223,0.375,NA,dryrest,3.79
223,NA,34,drytotal,8.030000000000001
224,0.375,26,drythor,5.27
224,0.375,26,dryrest,5.03
224,0.375,26,NA,10.3
225,0.375,53,drythor,5.35
225,0.375,53,dryrest,NA
225,0.375,53,drytotal,11.43
227,0.375,44,drythor,4.78
227,0.375,44,dryrest,5.61
227,0.375,44,drytotal,10.39
228,0.375,29,drythor,4.62
228,NA,29,dryrest,5.14
NA,NA,29,drytotal,9.76
229,0.375,28,drythor,5.19
229,0.375,28,dryrest,4.26
229,0.375,NA,drytotal,9.45
230,0.375,47,drythor,5.17
NA,0.375,47,dryrest,5.18
230,0.375,47,drytotal,10.35
231,0.375,74,NA,NA
231,0.375,74,dryrest,6.62
231,0.375,74,drytotal,11.61
232,0.375,66,drythor,5.24
232,0.375,66,dryrest,5.7
232,0.375,66,DRYTOTAL,10.94
233,0.375,77,drythor,5.88
233,0.375,77,NA,5.04
233,0.375,77,drytotal,10.92
235,0.375,40,drythor,5.07
235,0.375,40,dryrest,7.94
235,0.375,40,drytotal,13.010000000000002
236,0.375,29,drythor,4.26
236,0.375,29,dryrest,7.77
236,0.375,29,drytotal,12.03
237,0.375,30,drythor,5.06
237,0.375,30,dryrest,9
237,0.375,30,drytotal,14.06
238,0.375,44,drythor,5
238,0.375,44,dryrest,7.27
238,0.375,44,drytotal,12.27
239,0.375,29,drythor,5.81
239,0.375,29,dryrest,8.78
239,0.375,29,drytotal,14.59
240,NA,48,drythor,5.74
240,0.375,48,dryrest,8.11
240,0.375,48,drytotal,13.85
241,NA,57,drythor,5.95
241,0.375,57,dryrest,11.41
241,0.375,57,drytotal,17.36
242,0.375,65,drythor,5.08
242,0.375,65,dryrest,9.75
242,0.375,65,drytotal,14.83
243,0.375,62,drythor,3.21
243,0.375,62,DRYREST,2.89
243,0.375,62,drytotal,6.1
244,0.375,57,drythor,3.52
244,0.375,57,dryrest,6.53
244,0.375,57,NA,10.05
245,0.375,51,drythor,4.64
245,0.375,51,dryrest,8.81
245,0.375,51,drytotal,13.45
246,0.375,53,drythor,4.86
246,0.375,53,dryrest,8.73
246,0.375,53,drytotal,13.59
247,0.375,61,drythor,5.11
NA,0.375,61,dryrest,8.52
247,0.375,NA,NA,13.63
248,0.375,56,drythor,5.47
248,0.375,56,dryrest,7.89
248,0.375,56,NA,13.36
249,0.25,32,NA,5.69
249,0.25,32,NA,9.05
249,0.25,32,NA,14.740000000000002
250,0.25,46,drythor,4.25
NA,0.25,46,dryrest,8.81
NA,0.25,46,drytotal,13.06
251,0.25,47,drythor,5.23
251,0.25,47,dryrest,7.57
251,0.25,47,drytotal,12.8
253,0.25,32,drythor,5.48
253,0.25,32,dryrest,8.79
253,0.25,32,drytotal,14.27
255,0.25,NA,drythor,6.14
255,0.25,36,NA,7.8
255,0.25,36,drytotal,13.94
256,0.25,46,drythor,5.36
256,0.25,46,dryrest,6.62
256,NA,46,drytotal,11.98
257,0.25,54,drythor,5.57
257,0.25,54,dryrest,6.64
257,0.25,54,NA,12.21
258,0.25,40,drythor,4.42
258,0.25,40,dryrest,4.2
258,0.25,40,drytotal,8.620000000000001
259,0.25,25,drythor,5.44
259,0.25,25,dryrest,NA
259,0.25,25,drytotal,17.69
260,0.25,35,drythor,NA
260,0.25,35,NA,9.6
260,0.25,35,drytotal,14.489999999999998
261,0.25,25,drythor,6.1
261,0.25,25,dryrest,9.33
261,0.25,25,drytotal,15.43
262,0,49,drythor,5.26
262,0,49,dryrest,9.35
262,0,49,drytotal,14.61
263,0,30,drythor,4.1
263,0,30,NA,4.26
263,0,30,drytotal,8.36
264,0,48,drythor,5.01
264,0,48,dryrest,9.21
264,0,48,NA,14.22
265,0,26,drythor,4.73
265,0,26,dryrest,9.6
265,0,26,drytotal,14.33
NA,0,42,drythor,4.25
266,0,42,dryrest,6.05
266,0,42,drytotal,10.3
267,0,33,drythor,4.25
267,NA,33,dryrest,7.44
267,0,33,drytotal,11.69
268,0,NA,drythor,4.45
268,0,67,dryrest,7.15
268,0,67,drytotal,11.6
269,0,45,drythor,4.97
269,0,45,dryrest,6.77
269,0,45,drytotal,NA
270,0,11,drythor,6.45
270,NA,11,dryrest,7.81
270,0,11,drytotal,14.26
271,NA,34,drythor,6.3
271,0,34,dryrest,6.31
271,0,34,drytotal,12.61
272,0.25,54,NA,5.12
272,0.25,54,dryrest,7.68
272,0.25,54,drytotal,12.8
273,0.25,65,drythor,5.16
273,0.25,NA,dryrest,7.71
273,0.25,65,drytotal,12.87
274,0.25,53,drythor,5.71
274,0.25,53,dryrest,10.95
274,NA,53,drytotal,16.66
275,0.25,45,drythor,6.61
275,0.25,45,dryrest,7.14
275,0.25,NA,NA,13.75
276,0.25,27,drythor,5.44
276,0.25,27,dryrest,9.02
NA,0.25,27,drytotal,14.46
277,0.25,45,drythor,5.54
277,0.25,NA,dryrest,6.34
277,0.25,45,drytotal,NA
278,0.25,27,drythor,5.13
278,0.25,27,dryrest,7.35
278,0.25,27,drytotal,12.48
279,0.25,NA,drythor,5.33
279,0.25,22,dryrest,8.78
279,0.25,22,drytotal,14.11
280,0.25,NA,drythor,5.69
280,0.25,48,dryrest,10.52
280,0.25,48,drytotal,16.21
281,0.25,44,drythor,5.23
281,0.25,44,dryrest,10.3
281,0.25,NA,drytotal,15.53
282,0.25,74,drythor,6.14
282,0.25,74,dryrest,NA
282,0.25,74,drytotal,17.75
285,0.25,47,drythor,NA
285,0.25,47,dryrest,8.23
285,0.25,47,drytotal,13.24
286,0.375,58,drythor,4.92
NA,0.375,58,dryrest,7.22
286,0.375,58,drytotal,12.14
287,0.375,31,drythor,6.28
287,0.375,31,dryrest,9.16
287,0.375,NA,drytotal,15.44
288,0.375,31,NA,5.66
288,0.375,31,DRYREST,7.1
NA,0.375,31,drytotal,12.76
289,NA,NA,drythor,5.42
289,0.375,47,dryrest,NA
289,0.375,47,NA,14.77
290,0.375,45,drythor,4.62
290,0.375,45,dryrest,6.26
290,0.375,45,drytotal,10.88
291,0.375,36,drythor,4.92
291,0.375,36,dryrest,9.29
291,0.375,36,drytotal,14.21
NA,0.375,51,drythor,4.42
293,0.375,51,dryrest,6.3
293,0.375,51,drytotal,10.72
294,0.375,34,drythor,NA
294,0.375,34,dryrest,6.79
294,0.375,34,drytotal,11.89
295,0.375,46,drythor,4.62
295,NA,46,dryrest,5.89
295,0.375,NA,drytotal,10.51
298,0.375,41,drythor,3.81
298,0.375,41,dryrest,6.5
298,0.375,41,drytotal,10.31
301,0,32,drythor,5.86
301,0,32,dryrest,11.53
301,0,32,drytotal,17.39
302,0,52,drythor,5.77
302,0,52,dryrest,6.78
302,0,52,drytotal,12.55
303,0,32,drythor,6.45
303,0,32,DRYREST,8.49
303,0,32,drytotal,14.94
304,0,34,drythor,6.26
NA,0,34,dryrest,8.98
304,0,34,drytotal,15.24
305,0,44,drythor,6.04
305,0,44,NA,7.57
305,0,44,drytotal,13.61
307,0.25,39,drythor,5.68
307,0.25,39,dryrest,5.81
307,0.25,NA,drytotal,11.489999999999998
308,0.25,31,drythor,NA
308,0.25,31,dryrest,4.34
308,0.25,31,drytotal,9.09
309,0.25,40,NA,4.91
309,0.25,40,DRYREST,5.1
309,0.25,40,drytotal,10.01
310,0.25,51,drythor,5.47
310,0.25,51,dryrest,11.01
310,0.25,51,drytotal,16.48
311,0.25,34,drythor,6.41
311,0.25,34,dryrest,8.85
311,0.25,34,drytotal,15.26
313,0.25,33,drythor,5.77
313,0.25,NA,NA,7.9
313,0.25,33,drytotal,13.67
314,0.25,33,drythor,5.37
314,0.25,33,dryrest,NA
314,0.25,33,drytotal,11.32
315,0.375,22,drythor,4.4
315,0.375,22,dryrest,5.6
315,0.375,22,drytotal,10
316,0.375,94,drythor,5.32
316,0.375,94,dryrest,6.15
316,0.375,94,drytotal,11.47
317,0.375,54,drythor,4.47
317,0.375,54,dryrest,6.45
317,0.375,54,drytotal,10.92
318,0.375,63,drythor,4.23
318,0.375,63,DRYREST,5.12
318,0.375,63,DRYTOTAL,9.35
320,0.375,NA,drythor,7.4
320,NA,51,dryrest,10.42
320,0.375,51,drytotal,17.82
321,0.375,42,drythor,4.03
321,NA,NA,dryrest,6.23
321,0.375,NA,drytotal,10.260000000000002
322,0,47,drythor,5.22
322,0,47,dryrest,4.65
322,0,47,drytotal,9.87
323,0,61,drythor,4.94
323,0,61,NA,5.64
323,NA,61,drytotal,10.58
324,0,37,NA,5.66
324,0,37,dryrest,6.36
NA,0,37,drytotal,12.02
325,0,54,drythor,5.68
325,0,54,NA,6.78
325,0,54,drytotal,12.46
NA,0,28,drythor,6.09
326,0,28,dryrest,7.83
326,0,28,drytotal,13.92
NA,0,35,drythor,6.02
327,0,35,dryrest,6.78
327,0,35,drytotal,12.8
328,0,42,drythor,6.12
328,0,42,dryrest,6.01
328,0,42,drytotal,12.13
329,0,19,drythor,5.79
329,0,19,dryrest,7.88
329,0,19,drytotal,13.67
330,0.25,20,drythor,5.33
330,0.25,20,dryrest,5.56
330,0.25,20,drytotal,10.89
333,0.375,40,drythor,4.52
NA,0.375,40,dryrest,6.45
333,0.375,40,drytotal,10.97
334,0.25,29,drythor,5.89
334,0.25,29,dryrest,5.79
334,0.25,NA,drytotal,11.68
NA,0.375,53,drythor,3.88
335,0.375,53,dryrest,3.32
335,0.375,53,drytotal,7.199999999999999
336,0.375,41,drythor,4.13
336,0.375,NA,dryrest,3.7
336,0.375,41,drytotal,7.83
337,0.375,56,drythor,6.39
337,0.375,56,dryrest,7.02
337,0.375,56,drytotal,NA
338,0.375,64,drythor,4.31
338,0.375,64,dryrest,3.62
338,0.375,64,drytotal,7.93
339,0.375,37,drythor,4.36
339,0.375,37,dryrest,NA
339,0.375,37,drytotal,8.93
340,0.375,79,drythor,5.34
340,0.375,79,dryrest,NA
340,0.375,79,drytotal,11.04
341,0.375,37,drythor,4.52
341,0.375,NA,dryrest,4.78
341,0.375,37,drytotal,9.3
342,0.375,87,drythor,5.25
342,0.375,87,dryrest,9.27
342,0.375,87,drytotal,14.52
343,0.375,58,drythor,5.24
343,0.375,58,dryrest,7.57
343,0.375,58,drytotal,12.81
344,0.375,69,drythor,5.15
344,0.375,69,dryrest,4.29
NA,0.375,69,drytotal,NA
346,0,NA,drythor,5.26
346,0,44,dryrest,9.36
346,0,44,drytotal,14.62
347,0.375,70,NA,4.67
347,0.375,70,dryrest,5.19
347,0.375,70,drytotal,9.86
348,NA,34,drythor,4.49
348,0.375,NA,dryrest,5.21
348,0.375,34,drytotal,9.7
350,0.375,64,drythor,5.42
350,0.375,64,NA,7.37
350,0.375,64,drytotal,12.79
351,0.375,69,drythor,4.85
351,0.375,69,dryrest,5.9
351,0.375,69,DRYTOTAL,10.75
352,0.375,42,drythor,5.65
352,0.375,42,dryrest,NA
352,0.375,42,drytotal,15.8
NA,0.375,27,drythor,4.55
353,0.375,27,dryrest,8.66
353,NA,27,drytotal,13.21
354,0.375,46,drythor,4.74
354,0.375,46,dryrest,7.64
354,0.375,46,drytotal,12.38
355,0.375,660,drythor,4
355,0.375,660,dryrest,6.89
355,0.375,660,NA,10.89
357,0.375,29,drythor,4.99
357,0.375,29,dryrest,7.84
357,0.375,29,drytotal,12.83
